Source_URL,Source_Category,Anchor_Text,Target_URL,Target_Category,Link_Type,Link_Context,SEO_Benefit
"https://freeaccuratecalculator.com/","Homepage","SIP Calculator","https://freeaccuratecalculator.com/finance/sip-calculator/","Finance","Hero / Featured Grid","Popular Calculators Grid & Autocomplete","Direct link equity from high-authority homepage to core financial money-page"
"https://freeaccuratecalculator.com/","Homepage","EMI Calculator","https://freeaccuratecalculator.com/finance/emi-calculator/","Finance","Hero / Featured Grid","Popular Calculators Grid & Autocomplete","Immediate discovery and indexing crawl priority for high-intent loan query"
"https://freeaccuratecalculator.com/","Homepage","Percentage Calculator","https://freeaccuratecalculator.com/math/percentage-calculator/","Math","Hero / Featured Grid","Popular Calculators Grid & Autocomplete","Top math tool discovery with high universal search volume"
"https://freeaccuratecalculator.com/","Homepage","BMI Calculator","https://freeaccuratecalculator.com/health/bmi-calculator/","Health","Hero / Featured Grid","Popular Calculators Grid & Autocomplete","Core health tool crawl bridge and user engagement anchor"
"https://freeaccuratecalculator.com/","Homepage","Age Calculator","https://freeaccuratecalculator.com/everyday/age-calculator/","Everyday","Hero / Featured Grid","Popular Calculators Grid & Autocomplete","Everyday chronometrics hub link"
"https://freeaccuratecalculator.com/finance/sip-calculator/","Finance","Step-Up SIP Calculator","https://freeaccuratecalculator.com/finance/step-up-sip-calculator/","Finance","Related Calculator / Cluster Card","Next-step investment planning calculation","Builds topical authority in investment cluster and passes equity to long-tail sub-tools"
"https://freeaccuratecalculator.com/finance/sip-calculator/","Finance","Lumpsum Calculator","https://freeaccuratecalculator.com/finance/lumpsum-calculator/","Finance","Related Calculator / Cluster Card","SIP vs Lumpsum investment comparison","Retains user on site and resolves dual-intent searches"
"https://freeaccuratecalculator.com/finance/emi-calculator/","Finance","Mortgage Calculator","https://freeaccuratecalculator.com/finance/mortgage-calculator/","Finance","Related Calculator / Cluster Card","Home loan vs generic EMI comparison","Cross-pollinates mortgage and loan authority"
"https://freeaccuratecalculator.com/finance/emi-calculator/","Finance","Auto Loan Calculator","https://freeaccuratecalculator.com/finance/auto-loan-calculator/","Finance","Related Calculator / Cluster Card","Vehicle loan amortization option","Strengthens vehicle loan cluster"
"https://freeaccuratecalculator.com/math/percentage-calculator/","Math","Fraction Calculator","https://freeaccuratecalculator.com/math/fraction-calculator/","Math","Related Calculator / Cluster Card","Percentage to fraction conversions","Enhances math hub internal link graph"
"https://freeaccuratecalculator.com/countries/france/","Country Hub","Simulateur Salaire Brut / Net","https://freeaccuratecalculator.com/countries/france/simulateur-salaire-brut-net/","France Finance","Featured French Tool","Top French salary simulator grid","Channels French geo-targeted crawl equity directly to France revenue tools"
"https://freeaccuratecalculator.com/countries/france/","Country Hub","Frais de Notaire","https://freeaccuratecalculator.com/countries/france/frais-de-notaire/","France Real Estate","Featured French Tool","French property transaction calculator","Builds programmatic city cluster authority"